image,product_name,price
https://i.ebayimg.com/thumbs/images/g/UD0AAOSwwwFmc2AT/s-l300.jpg,Prada PR 18WV 2AU1O1 52mm Tortoise Plastic Fashion Eyeglasses,$119.99
https://i.ebayimg.com/thumbs/images/g/ESMAAOSwr3pmHKAm/s-l300.jpg,VERSACE VE1274 1002 Gold Black Men's 55 mm Eyeglasses,$160.00
https://i.ebayimg.com/thumbs/images/g/T78AAOSwywNfB6dO/s-l300.jpg,Mens Womens Reading Glasses 8 PACK Square Frame Readers Unisex Style Specs NEW,$10.80
https://i.ebayimg.com/thumbs/images/g/gmQAAOSwJyZl-MtU/s-l300.jpg,Versace VE 3320U GB1 Black 54/16/145 unisex Eyewear Frame,$99.99
https://i.ebayimg.com/thumbs/images/g/JI0AAOSwjyNjEZio/s-l300.jpg,Smart zoom reading glasses progressive multi-focus Computer Anti blue ray,$6.36
https://i.ebayimg.com/thumbs/images/g/mfIAAOSwUPtmewGC/s-l300.jpg,Readers Glasses Bifocal Transition Photochromic Reading Sunglasses Anti UV Sun~,$7.64
https://i.ebayimg.com/thumbs/images/g/sD0AAOSw~f1lQYwd/s-l300.jpg,Clear Eyes Redness Relief Eye Drops 15ml 0.5fl oz EXP 09/2026,$9.99
https://i.ebayimg.com/thumbs/images/g/vMwAAOSwoSlmXnM8/s-l300.jpg,Portable Hard Glasses Box Eyeglass Case Sunglasses Eyewear Protector Boxs,$1.97
https://ir.ebaystatic.com/cr/v/c1/s_1x2.gif,Anti-blue Light Photochromic Progressive Multifocal Presbyopia Reading Glasses,$12.99
https://ir.ebaystatic.com/cr/v/c1/s_1x2.gif,"200 Count Lens Wipes for Eyeglasses, Eye Glasses Cleaner Wipes Pre-moistened Ind",$10.69
https://ir.ebaystatic.com/cr/v/c1/s_1x2.gif,Kerecsen 4 Pack Reading Glasses Men and Women Quality Spring Hinge Color Readers,$14.99
https://ir.ebaystatic.com/cr/v/c1/s_1x2.gif,6 Pack Spring Hinge Reading Glasses Fashion Computer Readers Bluelight Glasses,$16.99
https://ir.ebaystatic.com/cr/v/c1/s_1x2.gif,Men Ultra Light Titanium Material Screwless Foldable Anti-Blue Reading Glasses,$4.88
https://ir.ebaystatic.com/cr/v/c1/s_1x2.gif,Versace VE1163M Eyeglass Frames 1252-52 - Pale Gold,$100.99
https://ir.ebaystatic.com/cr/v/c1/s_1x2.gif,Oakley NEW Airdrop Satin Black Rectangle Frames 57-18-143 Eyeglasses OX8046 Set,$89.99
https://ir.ebaystatic.com/cr/v/c1/s_1x2.gif,Retro Round Eyeglasses Frame Ultra Light Spectacles Titanium Frame For Men Women,$26.39
https://ir.ebaystatic.com/cr/v/c1/s_1x2.gif,12Pcs Sunglass Neck Strap Eyeglass Read Glasses Cord Lanyard Holder Rope String+,$2.77
https://ir.ebaystatic.com/cr/v/c1/s_1x2.gif,Anti Blue Light Reading Glasses Oversize Square Men Women Large Frame Portable,$1.21
https://ir.ebaystatic.com/cr/v/c1/s_1x2.gif,"TLOPA Ultra Eye Therapy Drops, TLOPA Eye Drops, Tlopa Ultra Eye Drops 18ml US",$5.39
https://ir.ebaystatic.com/cr/v/c1/s_1x2.gif,"Thea Thealoz Duo eye drops, 10 ml severe dry eye syndrome and contact lens users",$18.92
https://ir.ebaystatic.com/cr/v/c1/s_1x2.gif,Gafas de Lectura Multifocales Antiluz Azul Lentes Progresivas TR90 Ultraligeras,$14.62
https://ir.ebaystatic.com/cr/v/c1/s_1x2.gif,Replacement Snap In / Press In Nose Pads for Tom Ford Eyeglasses TF in Gold,$19.35
https://ir.ebaystatic.com/cr/v/c1/s_1x2.gif,5 Pack Ladies Blue Light Reading Glasses Women Fashion Spring Hinge Readers,$16.99
https://ir.ebaystatic.com/cr/v/c1/s_1x2.gif,Clear Clip-On Silicone Nose Pads for RB Aviator Sunglasses Eyeglasses Frame,$8.90
https://ir.ebaystatic.com/cr/v/c1/s_1x2.gif,Fashion Magnifying Make Up Makeup Glasses Flip Down Lenses Full Frame +1.5-4.0,$1.83
https://ir.ebaystatic.com/cr/v/c1/s_1x2.gif,5 Pack Transparent Spring Hinge Reading Glasse Half Rimless Lightweight Readers,$16.19
https://ir.ebaystatic.com/cr/v/c1/s_1x2.gif,,$19.99
https://ir.ebaystatic.com/cr/v/c1/s_1x2.gif,Man Handmade Pure Titanium Retro Square Eyeglasses Frame Ultra Light Spectacle,$23.99
https://ir.ebaystatic.com/cr/v/c1/s_1x2.gif,Versace VE 1257 1436 Gold Metal Hexagonal Eyeglasses 55mm,$119.99
https://ir.ebaystatic.com/cr/v/c1/s_1x2.gif,VERSACE MEN EYEGLASSES VE3211 GB1 Black Frame 55-145,$100.99
https://ir.ebaystatic.com/cr/v/c1/s_1x2.gif,CELINE Sunglass Case Sunglasses Case Eyeglass Pouch Wipe Cloth Size MEDIUM,$29.00
https://ir.ebaystatic.com/cr/v/c1/s_1x2.gif,PRADA LINEA ROSSA PS 04IV 2AZ1O1 Transparent Demo Lens Men's Eyeglasses,$111.95
https://ir.ebaystatic.com/cr/v/c1/s_1x2.gif,"İzipizi Reading Eyeglasses, #C +1.5, Golden Green, Perfect Quality",$51.06
https://ir.ebaystatic.com/cr/v/c1/s_1x2.gif,Women Square Anti Blue Light Myopia Nearsighted Glasses Full Frame Retro Glasses,$9.35
https://ir.ebaystatic.com/cr/v/c1/s_1x2.gif,Presbyopia Vision Restore Eye Drops Relieve Fatigue Aningeresting Clean Relieve~,$6.59
https://ir.ebaystatic.com/cr/v/c1/s_1x2.gif,Replacement Silver Screws Kit for PRADA Eyeglasses Sunglasses to Mount Lenses,$16.85
https://ir.ebaystatic.com/cr/v/c1/s_1x2.gif,"IrisInk Eye Drops, IrisInk Color Changing Eye Drops, Change Eye Color",$1.81
https://ir.ebaystatic.com/cr/v/c1/s_1x2.gif,Ultra Thin Reading Glasses Nose Clip Optics Presbyopic +1.5 +2.0 +2.5 ,$6.69
https://ir.ebaystatic.com/cr/v/c1/s_1x2.gif,Tom Ford TF5800-B 030 Eyeglasses Shiny Deep Gold Brown 56-15-145mm,$157.50
https://ir.ebaystatic.com/cr/v/c1/s_1x2.gif,NEW NIKE FLEXON 4294 204 BROWN AUTHENTIC EYEGLASSES FRAMES W/CASE 54-18,$71.20
https://ir.ebaystatic.com/cr/v/c1/s_1x2.gif,New Metal Anti Blue Light Reading Glasses Women Oversize Rimless Fashion Glasses,$1.61
https://ir.ebaystatic.com/cr/v/c1/s_1x2.gif,MiuMiu 05VV Glasses Frame Female Cat's Eye Fashionable Sheet Glasses Frame Male,$69.99
https://ir.ebaystatic.com/cr/v/c1/s_1x2.gif,Portable Zipper Eye Glasses Sunglasses Hard Case Box Protector Large Hold Gift',$1.04
https://ir.ebaystatic.com/cr/v/c1/s_1x2.gif,Bauch & Laumb Contacts ,$30.00
https://ir.ebaystatic.com/cr/v/c1/s_1x2.gif,"1-5BOX Optivipro Presbyopia Eye Drops, Relieve Fatigue, Improve Vision US",$8.99
https://ir.ebaystatic.com/cr/v/c1/s_1x2.gif,Stick-on Bifocal Reading Lenses Magnifying Reader Lenses for Sunglasses/Glasses,$7.45
https://ir.ebaystatic.com/cr/v/c1/s_1x2.gif,Reading Glasses +4.5 +5.0 +5.5 +6.0 Optical Lens Black/Red Plastic Frame Reader,$1.62
https://ir.ebaystatic.com/cr/v/c1/s_1x2.gif,Wearing Tools Silicone Soft Contact Lenses Inserter Eye Care Lens Accessories,$1.79
https://ir.ebaystatic.com/cr/v/c1/s_1x2.gif,Belgium Acetate Eyeglasses Frames Round Retro Reading Glasses Men Women Fashion,$23.99
https://ir.ebaystatic.com/cr/v/c1/s_1x2.gif,Intelligent Progressive Photochromic Reading Glasses Anti-Blue Light Multi-focus,$12.99
https://ir.ebaystatic.com/cr/v/c1/s_1x2.gif,Oversized XL ROCK STAR Metal Aviator Big Anti Blue-Light READING GLASSES fashion,$18.99
https://ir.ebaystatic.com/cr/v/c1/s_1x2.gif,Presbyopia Vision Restore Eye Drops Relieve Fatigue Aningeresting Clean Relieve,$5.99
https://ir.ebaystatic.com/cr/v/c1/s_1x2.gif,2X Pairs New Nose Pads for PORSCHE DESIGN Eyeglasses Sunglasses Frame Spectacles,$7.50
https://ir.ebaystatic.com/cr/v/c1/s_1x2.gif,NEW Replacement Silicone Nose Pads for Tom Ford Eyeglasses Sunglasses Snap-In TF,$9.90
https://ir.ebaystatic.com/cr/v/c1/s_1x2.gif,"Louis Vuitton Sunglasses Clamshell Hard Case, Cloth, Bag & Eye Glass Sleeve Etc",$29.99
https://ir.ebaystatic.com/cr/v/c1/s_1x2.gif,CORNEREGEL®️ Eye Gel 10g Cornea Non-Inflammatory Diseases Corneal Injuries  ,$25.90
https://ir.ebaystatic.com/cr/v/c1/s_1x2.gif,3 Pack Mens Reading Glasses Business Metal 1.5 2.0 2.5 3.0 3.5,$5.29
https://ir.ebaystatic.com/cr/v/c1/s_1x2.gif,Suitable for Oakley Minute 1.0 Sunclasses replacement accessory rubber sleeve,$19.99
https://ir.ebaystatic.com/cr/v/c1/s_1x2.gif,Prive Revaux The Diamond Reader 2 pack Multi Strengths/Colors MSRP $69.95,$13.98
https://ir.ebaystatic.com/cr/v/c1/s_1x2.gif,Nike Eyeglasses LIVE FREE 7090 010 Black Green Rectangular 53-17-140 NEW PERFECT,$54.00
